prompt,completion
¿Qué son las redes HFC (Hybrid Fiber-Coax)?,"Las redes HFC son redes de telecomunicaciones híbridas que combinan fibra óptica y cable coaxial. Surgieron en los años 90 para permitir la transmisión de mayor capacidad de información de manera más óptima y reducir costos. En estas redes, la red troncal se reemplaza por fibra óptica, mientras que la red de distribución mantiene el cable coaxial. Esta combinación aprovecha la baja atenuación de la fibra óptica para largas distancias y el excelente ancho de banda del cable coaxial."
¿Cuáles son los elementos principales de una red HFC?,"Una red HFC consta básicamente de cuatro elementos: Cabecera: El inicio de la red, responsable de procesar la información que se transmitirá a los suscriptores. Red Troncal: Una red de fibra óptica que distribuye las señales desde la cabecera hacia la red de distribución y viceversa. Red de Distribución: Encargada de distribuir las señales desde el nodo óptico terminal hasta un tap, que es la interfaz con la red de acometida del abonado. Acometida: El último tramo de la red HFC, que se conecta al tap de la red de distribución y llega hasta el domicilio de los usuarios."
¿Qué es el estándar DOCSIS y por qué es importante para las redes HFC?,"DOCSIS (Data Over Cable Service Interface Specification) es un estándar internacional no comercial desarrollado por CableLabs. Es fundamental para las redes HFC porque permite a los operadores de cable ofrecer acceso a internet sobre estas redes, facilitando el diseño, desarrollo, implementación y soporte de servicios de comunicación. Regula los patrones de las redes desde los módems de cable (CM) del usuario hasta los sistemas terminales de cable módem (CMTS)."
¿Cuáles son las principales versiones de DOCSIS y sus características?,"Las principales versiones de DOCSIS y sus características son: DOCSIS 1.0: Especificación base, sin soporte para calidad de servicio (QoS), utiliza el Servicio de Mejor Esfuerzo. DOCSIS 1.1: Introduce QoS para servicios sensibles al retardo, fragmentación, concatenación, supresión de encabezado y aprovisionamiento seguro. DOCSIS 2.0: Soporta servicios simétricos y punto a punto (PPP), servicios IP multicast, mayor inmunidad al ruido e interferencia, y agrega nuevas modulaciones para aumentar la capacidad de transmisión. DOCSIS 3.0: Agrega soporte para IPv6 y permite la agregación de canales (channel bonding) para alcanzar mayores velocidades. DOCSIS 3.1: Busca alcanzar niveles de rendimiento similares a los de una red de área local (LAN), agrega OFDM en la capa física y utiliza LPDC para corrección de errores en el canal upstream."
¿Cómo funciona la agregación de canales (Channel Bonding) en DOCSIS 3.0 y versiones posteriores?,"La agregación de canales en DOCSIS 3.0 y versiones posteriores es una metodología que mejora significativamente el rendimiento de la transmisión de datos en las redes HFC. A diferencia de versiones anteriores que usaban un solo canal en cada sentido, la agregación de canales permite utilizar múltiples canales simultáneamente tanto en el sentido ascendente (upstream) como descendente (downstream). Esto agrupa canales de radiofrecuencia (RF) en un solo canal virtual, ofreciendo más ancho de banda a un cable módem compatible con DOCSIS 3.0 o superior, permitiendo alcanzar velocidades superiores."
¿Cuál es el papel del Cable Módem (CM) en una red HFC con DOCSIS?,"El cable módem es el principal equipo terminal en la red HFC del lado del suscriptor. Su función principal es transmitir paquetes IP de forma transparente entre la cabecera (CMTS) y el usuario. Entre sus funciones clave se incluyen: captar o generar señales de radiofrecuencia, modular/demodular datos, generar/verificar información de control de errores (FEC), encriptar/desencriptar información, gestionar y controlar el tráfico, y utilizar y respetar el protocolo MAC en el canal ascendente."
¿Cómo afecta el ruido la transmisión en las redes HFC?,"El ruido es una perturbación significativa en las redes HFC que disminuye el rendimiento. El canal de retorno (upstream, que opera en un rango de frecuencia más bajo de 5-42 MHz) es particularmente propenso a interferencias. Diversos tipos de ruido e interferencia pueden afectar la red HFC, incluyendo ruido de ingreso, modulación de amplitud HUM, ingreso de armónicos, ruido térmico, ruido impulsivo y distorsión común de la trayectoria. Estos ruidos degradan la señal, afectando la calidad del servicio. Las técnicas de modulación en el sentido ascendente son más robustas que en el descendente para contrarrestar la mayor presencia de ruido en el canal de retorno."
¿Cuáles son las medidas de seguridad importantes en las redes HFC?,"Para garantizar la seguridad en las redes HFC, se implementan varias medidas, especialmente a nivel del cable módem y la red. Estas incluyen: Mejoras de Firmware: Mantener el software del cable módem actualizado. Control de dispositivos asegurados por el proveedor: Asegurar que solo los dispositivos autorizados puedan acceder a la red. Certificación digitalmente firmada: Autenticar los módems para evitar el acceso no autorizado. Encriptación de Datos: Cifrar la información transmitida para proteger la privacidad. DOCSIS 3.0 y versiones posteriores utilizan el Estándar de Cifrado Avanzado (AES). Uso de Cortafuegos (Firewalls): Controlar la comunicación de la red para impedir accesos no autorizados. Habilitar la Privacidad Base (BPI/BPI+): Protocolos de seguridad para el acceso a la red. Gestión de claves: Negociar claves de cifrado entre las terminales. Además, medidas preventivas como el control de dispositivos asegurados por el proveedor y el software de administración de red son cruciales. Las redes HFC han tenido vulnerabilidades, como la manipulación de la velocidad de transmisión en versiones antiguas de DOCSIS (1.0), pero versiones posteriores han mejorado la seguridad con encriptación y verificación."
1. ¿Qué es GPON y cuál es su objetivo principal?,"GPON (Gigabit Passive Optical Network) es una tecnología de red moderna y eficiente basada en fibra óptica que tiene como objetivo principal ofrecer múltiples servicios (Internet, voz, datos, TV, etc.) a altas velocidades. Fue desarrollada para reemplazar las conexiones basadas en enlaces de cobre y su estructura se basa en enlaces de fibra óptica. El objetivo fundamental de un trabajo citado es describir sus conceptos clave, arquitectura y cómo ha impactado la evolución de las redes de comunicación."
2. ¿En qué se diferencia GPON de otras tecnologías de red de fibra óptica?,"GPON se basa en fibra óptica para la transmisión de información, utilizando divisores ópticos pasivos (Splitters) para conectar múltiples usuarios desde una sola Terminal de Línea Óptica (OLT). A diferencia de otras tecnologías, como APON (que carecía de capacidad de video) o EPON (que carecía de funcionalidades para otros servicios), GPON ofrece mayor ancho de banda, velocidades de transmisión de hasta 2.488 Gbps (descarga) y 1.244 Gbps (carga), y es capaz de soportar eficientemente una variedad de servicios más allá de solo datos, incluyendo voz, video y juegos en línea. Además, GPON utiliza multiplexación por división de longitud de onda (WDM) y multiplexación por división de tiempo (TDM) para optimizar el uso de la fibra."
3. ¿Cuáles son los componentes principales de una red GPON?,"Una red GPON está compuesta por tres elementos principales: Terminal de Línea Óptica (OLT): Es el equipo activo ubicado en la oficina central del proveedor de servicios. Actúa como punto de partida para las fibras ópticas que llegan a los usuarios, agrega tráfico y lo enruta, funciona como router y tiene una potencia de salida por puerto de 28dbm. La distancia máxima que puede alcanzar es de 20 km. Terminal de Red Óptica (ONT): Es el dispositivo instalado en el domicilio del usuario. Sirve como punto final de la red del proveedor de servicios y proporciona las interfaces para los usuarios, permitiendo la conexión de sus dispositivos. También puede ser llamado Unidad de Red Óptica (ONU). Divisor Óptico (Splitter): Es un componente pasivo que divide la señal óptica de una sola fibra en varias señales, permitiendo que múltiples usuarios compartan una misma fibra desde el OLT. Aunque reduce la potencia de la señal, mantiene el contenido de datos y no requiere alimentación eléctrica."
4. ¿Cómo se manejan los datos de descarga (downstream) y carga (upstream) en una red GPON?,"En una red GPON, los datos de descarga (del OLT a las ONT) se transmiten en modo broadcast utilizando Multiplexación por División de Tiempo (TDM). El OLT envía todos los paquetes a todas las ONT, y cada ONT filtra los datos que le corresponden a su usuario, descartando los demás. Para garantizar la privacidad, los datos de descarga van cifrados con el estándar AES. Los datos de carga (de las ONT al OLT) se envían en modo Acceso Múltiple por División de Tiempo (TDMA). Las ONT solo transmiten cuando es necesario para evitar colisiones en el OLT. El OLT gestiona el tiempo de transmisión de cada ONT, tomando en cuenta la distancia de cada una, para coordinar la llegada de los datos sin interferencias."
5. ¿Cuáles son las principales ventajas de implementar la tecnología GPON?,"La implementación de GPON ofrece varias ventajas significativas: Gran ancho de banda: Permite transportar grandes volúmenes de datos, satisfaciendo la creciente demanda de servicios de alta velocidad. Baja latencia: Proporciona demoras casi imperceptibles en la transmisión de datos, crucial para aplicaciones en tiempo real como juegos en línea o videoconferencias. Atenuación mínima: La señal óptica sufre poca pérdida de potencia a lo largo de la fibra. Distancia de cobertura: Permite conexiones de hasta 20 km entre el OLT y la ONT, superando las limitaciones de las tecnologías basadas en cobre. Inmunidad a interferencias: La fibra óptica no se ve afectada por la interferencia electromagnética. Mayor cantidad de usuarios por fibra: Los divisores ópticos permiten que una sola fibra sirva a múltiples usuarios, optimizando la infraestructura. Mayor seguridad: Implementa cifrado a nivel de protocolo con AES para proteger los datos. Escalabilidad y evolución: GPON permite crecer a mayores tasas de transferencia y es la base para futuras tecnologías como XG-PON y NG-PON2."
6. ¿Existen desventajas o desafíos en la implementación de GPON?,"Sí, GPON también presenta algunas desventajas o desafíos: Seguridad potencial: A pesar del cifrado, teóricamente es posible interceptar datos si se compromete el OLT o se introduce un OLT falso en la red. Dependencia del hardware del proveedor: Las ONT deben estar registradas en el OLT, lo que limita la posibilidad de usar hardware de terceros sin obtener las claves de configuración necesarias. Costo inicial de implementación: Si bien los costos de mantenimiento son bajos, la inversión inicial en infraestructura de fibra óptica puede ser considerable, aunque se amortiza rápidamente con la venta de múltiples servicios. Presupuesto de energía en generaciones futuras: Las tecnologías futuras como NG-PON2 podrían requerir un presupuesto de energía potencialmente alto para soportar ratios de división muy altos."
7. ¿Cómo ha evolucionado la tecnología PON y qué sigue después de GPON?,"Las redes ópticas pasivas (PON) han experimentado una evolución significativa. Comenzaron con APON (ATM-PON) en 1998, que fue la primera especificación estandarizada por la ITU-T. Luego evolucionó a BPON (Broadband PON) en 2001, que introdujo soporte para otros servicios como Ethernet y video. Paralelamente, surgió EPON (Ethernet PON) en 2004, impulsada por la IEEE y basada en Gigabit Ethernet. GPON apareció años más tarde, ofreciendo un mayor ancho de banda y una mejor eficiencia para múltiples servicios en comparación con EPON. Actualmente, debido a la creciente demanda de ancho de banda, se está trabajando en la próxima generación de GPON, dividida en dos fases principales: XG-PON1 (NG-PON1): Estandarizada en la Rec. G987.x de la ITU-T, aumenta las tasas de transmisión a 2.5 Gbps en carga y 10 Gbps en descarga, reutilizando la infraestructura de red óptica pasiva de GPON. NG-PON2: Es una solución a más largo plazo que combina multiplexación por división de longitud de onda (WDM) y división de tiempo (TDM) para ofrecer una capacidad total de hasta 40 Gbps."
8. ¿Por qué GPON es considerada una solución eficiente para los problemas actuales de banda ancha?,"GPON es considerada una solución muy práctica y eficiente para los problemas actuales de ancho de banda y calidad de servicio por varias razones. Su capacidad para ofrecer altas velocidades de transmisión a través de fibra óptica, su alcance de hasta 20 km, su capacidad para soportar múltiples servicios simultáneamente con calidad garantizada (QoS) y su arquitectura punto a multipunto con divisores pasivos la hacen ideal para conectar un gran número de usuarios en áreas pobladas de manera rentable. Además, la baja atenuación y la inmunidad a interferencias de la fibra óptica contribuyen a una conexión más estable y confiable, mejorando la experiencia del usuario final en actividades que requieren gran ancho de banda como streaming de video en 4K, juegos en línea y teletrabajo. Aunque existen tecnologías futuras con mayor capacidad, GPON sigue siendo una base sólida y en crecimiento para el desarrollo de la infraestructura de telecomunicaciones en muchas regiones."
¿Qué es Wi-Fi y cuáles son sus características principales?,"Wi-Fi (Wireless Fidelity), también conocido como banda ancha inalámbrica, es una tecnología de acceso de banda ancha inalámbrica que permite a dispositivos como computadoras portátiles, teléfonos Wi-Fi, PDA y otros terminales móviles conectarse a redes sin necesidad de cables. Se basa en los estándares IEEE 802.11. Las características principales de Wi-Fi incluyen una velocidad de transmisión rápida (hasta 600 Mbps con el estándar 802.11n), un alcance de transmisión relativamente largo (hasta 1000 m para 802.11n en condiciones ideales), compatibilidad con Ethernet (por encima de la capa dos), facilidad para formar redes y un nivel de seguridad percibido debido a su menor potencia de transmisión en comparación con otras tecnologías inalámbricas."
¿Cuáles son los principales estándares IEEE 802.11 y en qué se diferencian?,"Los principales estándares IEEE 802.11 que definen la tecnología Wi-Fi incluyen 802.11, 802.11b, 802.11a, 802.11g y 802.11n. IEEE 802.11: El estándar original, opera en la banda de 2.4 GHz con velocidades de hasta 2 Mbps. IEEE 802.11b: Utiliza la banda de 2.4 GHz y ofrece velocidades de hasta 11 Mbps. Es el estándar más antiguo y ampliamente utilizado. IEEE 802.11a: Opera en la banda de 5.8 GHz, ofrece velocidades de hasta 54 Mbps y tiene buena capacidad anti-interferencia, pero su cobertura es menor y no es compatible con 802.11b/g. IEEE 802.11g: Opera en la banda de 2.4 GHz, ofrece velocidades de hasta 54 Mbps y es compatible con 802.11b. IEEE 802.11n: El estándar más reciente, opera en las bandas de 2.4 GHz y 5.0 GHz, ofreciendo velocidades de hasta 600 Mbps mediante tecnologías como MIMO y OFDM, mejorando tanto la calidad como la velocidad de transmisión."
¿Qué componentes son necesarios para configurar una red Wi-Fi?,"Para configurar una red Wi-Fi son necesarios varios componentes. Los principales son: Terminales de Usuario (Clientes): Dispositivos como computadoras, teléfonos o PDAs equipados con una Tarjeta Interfaz de Red (NIC) que incluye un transceptor de radio y una antena. Puntos de Acceso (Access Points o APs): Sirven como puente entre la red cableada (como Ethernet) y la red inalámbrica, permitiendo a los dispositivos cliente acceder a la red. En redes más grandes, se pueden utilizar routers inalámbricos que combinan la funcionalidad de un AP con enrutamiento. Controlador de APs: Necesario para implementaciones que requieren múltiples APs para cobertura o tráfico, a menudo incorporando funcionalidades como AP, cliente VPN, cliente RADIUS para autenticación/autorización, enrutamiento y firewalls."
¿Cuáles son los esquemas de red Wi-Fi más comunes?,"Los esquemas de red Wi-Fi más comunes son Ad-Hoc e Infraestructura. Red Ad-Hoc: Es la topología más simple, también conocida como red punto a punto o peer-to-peer. Consiste en un grupo de computadoras con interfaces inalámbricas que se comunican directamente entre sí sin un punto de acceso. Todos los nodos comparten el mismo nombre de grupo de trabajo (ESSID) y contraseña, y tienen estatus igual, permitiendo unirse o salir en cualquier momento. Tiene una fuerte capacidad de supervivencia ya que el fallo de un nodo no afecta a toda la red. Red de Infraestructura: También conocida como red con un centro. Consiste en uno o más puntos de acceso (AP) y una serie de clientes inalámbricos. Un AP actúa como estación central, y todos los clientes acceden a la red a través de él. Permite la comunicación entre sitios dentro del área de cobertura del AP. Sin embargo, tiene una menor capacidad de supervivencia, ya que el fallo de la estación central puede paralizar toda la red, y aumenta el costo de la red."
¿Cómo se puede construir una red Wi-Fi para conectar redes de área local (LAN) a larga distancia?,"Para conectar redes de área local (LAN) a larga distancia de forma inalámbrica, se pueden utilizar puentes inalámbricos. Estos puentes están diseñados para interconectar redes de forma inalámbrica (mediante microondas) y transmitir datos a larga distancia. Existen tres modos principales de red basados en puentes inalámbricos: Modelo Punto a Punto: Consiste generalmente en un par de puentes inalámbricos y un par de antenas exteriores. A menudo se utilizan antenas direccionales para mejorar la intensidad de la señal y la estabilidad. Es adecuado para conectar LAN cercanas donde las antenas pueden verse entre sí. Modelo Punto a Multipunto: Puede combinar varias LAN discretas en una sola. Un puente de red actúa como estación central, y los otros sitios remotos reciben señales de la estación central. También se puede utilizar un enfoque celular distribuido para construir la red. Modelo de Red de Relé: Se utiliza cuando hay obstáculos entre dos LANs que necesitan ser conectadas. Los puentes inalámbricos se pueden utilizar para evitar los obstáculos mediante estaciones de relé inalámbricas, siempre y cuando la ubicación del relé permita visibilidad con las otras dos antenas direccionales."
¿Qué problemas existen actualmente en la tecnología Wi-Fi?,"Aunque Wi-Fi ha avanzado significativamente, aún presenta problemas que deben ser considerados: Seguridad: La transmisión de señales inalámbricas está expuesta al aire, haciéndolas más vulnerables a ataques que las redes cableadas. La falta de estrategias de seguridad adecuadas aumenta el riesgo, y fenómenos como el ""robo de red"" afectan la velocidad y estabilidad. Conmutación de Roaming: Cuando se despliegan múltiples APs para una mayor cobertura, los terminales necesitan conmutar entre ellos al moverse. El método de conmutación tradicional de Wi-Fi (""primero cortar y luego conectar"") puede causar retrasos significativos, afectando el rendimiento de las aplicaciones móviles. Estabilidad: Las redes inalámbricas son susceptibles a la interferencia de otras señales (como hornos de microondas, teléfonos inalámbricos de 2.4 GHz e interferencias entre redes WLAN), lo que puede afectar la estabilidad de la señal Wi-Fi y la calidad del servicio."
¿Cómo aborda la tecnología Wi-Fi la seguridad?,"La seguridad en IEEE 802.11 se aborda principalmente mediante dos atributos: autenticación y cifrado (criptografía). Autenticación: Verifica la identidad de un cliente terminal antes de permitirle comunicarse con otros dispositivos o con el punto de acceso. Las opciones de autenticación varían según la topología (Ad-hoc o Infraestructura) e incluyen ""Open System"" y ""Shared Key"" para redes Ad-hoc. Cifrado: Los puntos de acceso IEEE 802.11 están equipados por defecto con capacidad de cifrado mediante el algoritmo WEP (Wired Equivalent Privacy), que también se utiliza para la autenticación. WEP permite diferentes longitudes de clave (64, 128, 256 bits), siendo las claves más largas teóricamente más seguras pero con posible pérdida de rendimiento. Sin embargo, WEP tiene vulnerabilidades conocidas. La tendencia más reciente es utilizar el estándar 802.1x como base para mecanismos robustos de autenticación y autorización. Además, se pueden añadir capas de seguridad a otros niveles, como filtrar por direcciones MAC o construir VPNs."
¿Cuáles son las tendencias futuras en el desarrollo de la tecnología Wi-Fi?,"Las tendencias futuras en el desarrollo de la tecnología Wi-Fi apuntan a resolver las limitaciones actuales y expandir sus aplicaciones: Redes Wi-Fi Celulares: Utilizar la infraestructura de redes de comunicación celular existentes para conectar múltiples WLANs, logrando una cobertura más amplia y construyendo ""ciudades inalámbricas"". Teléfonos Wi-Fi y VoWLAN: Se espera que los teléfonos Wi-Fi y los servicios de Voz sobre WLAN (VoWLAN) con alta calidad de sonido se conviertan en modos de aplicación potenciales. Tecnología de Posicionamiento Wi-Fi: Con el crecimiento del Internet de las cosas, la tecnología de posicionamiento basada en Wi-Fi se aplicará más ampliamente para el posicionamiento y seguimiento en tiempo real de personas y bienes, así como para la gestión del monitoreo ambiental. Redes Domésticas Inalámbricas Basadas en Wi-Fi: Integrar la tecnología Wi-Fi en más productos digitales del hogar (televisores, reproductores de DVD, proyectores, altavoces digitales, etc.) para conectarlos de forma inalámbrica a servidores de medios o computadoras, logrando la digitalización y conexión inalámbrica de los electrodomésticos. También se espera la consolidación de operadores WLAN para Hot Spots y la implementación de la tecnología en medios de transporte públicos."
